iter	Logloss
0	0.661992215
1	0.6386636384
2	0.6133386949
3	0.5952659528
4	0.5776988099
